ID,EGRID,fid,Art,BFSNr,GWR_EGID,Check_GreenSpace,area_m2,input_Bemerkung
TEST-00020,CH427760110057,6048484476,Acker_Wiese_Weide,4436,,Green space (soil-covered),428.5912254985633,
TEST-00276,CH690292570744,6051614437,Acker_Wiese_Weide,5236,,Green space (soil-covered),22.3311757648305,
TEST-00276,CH690292570744,6051735564,Gartenanlage,5236,,Green space (soil-covered),4.940871477709779,
TEST-00276,CH690292570744,6051923410,Strasse_Weg,5236,,Not green space,19.920407861270743,
TEST-00276,CH690292570744,6051614547,uebrige_befestigte,5236,,Not green space,4.497731894494825,
TEST-00002,CH333077237248,6054725695,uebrige_befestigte,3237,,Not green space,357.02357147948874,
TEST-00002,CH333077237248,6054725902,uebrige_befestigte,3237,,Not green space,0.0016329883477700512,
TEST-00002,CH333077237248,6054725693,Gartenanlage,3237,,Green space (soil-covered),373.8295335221925,
